{"[fold0] loss": 0.018868880346417427, "[fold0] lr": 0.0, "_timestamp": 1648114765, "_runtime": 8534, "_step": 35774, "[fold0] epoch": 5, "[fold0] avg_train_loss": 0.006854979054489402, "[fold0] avg_val_loss": 0.013365258051347988, "[fold0] score": 0.8612909857128173, "[fold1] loss": 0.005541468970477581, "[fold1] lr": 0.0, "[fold1] epoch": 5, "[fold1] avg_train_loss": 0.006996924596360831, "[fold1] avg_val_loss": 0.013044276145004774, "[fold1] score": 0.8672552294599538, "[fold2] loss": 0.0011834530159831047, "[fold2] lr": 0.0, "[fold2] epoch": 5, "[fold2] avg_train_loss": 0.007880953899146627, "[fold2] avg_val_loss": 0.013107297642568006, "[fold2] score": 0.8617512716703001, "[fold3] loss": 0.005473684519529343, "[fold3] lr": 0.0, "[fold3] epoch": 5, "[fold3] avg_train_loss": 0.007256061592206161, "[fold3] avg_val_loss": 0.01481818804509044, "[fold3] score": 0.8604744780205036, "[fold4] loss": 0.0035934990737587214, "[fold4] lr": 0.0, "[fold4] epoch": 5, "[fold4] avg_train_loss": 0.00759034135876359, "[fold4] avg_val_loss": 0.01294369030648385, "[fold4] score": 0.8697809958896963, "_wandb": {"runtime": 8547}}