{"[fold0] loss": 0.011591732501983643, "[fold0] lr": 2.172509369069431e-12, "_timestamp": 1647693440, "_runtime": 2570, "_step": 7630, "[fold0] epoch": 5, "[fold0] avg_train_loss": 0.007608746800332619, "[fold0] avg_val_loss": 0.012535144502404505, "[fold0] score": 0.8638167272353704, "[fold1] loss": 0.002104826271533966, "[fold1] lr": 6.913591731530301e-06, "[fold1] epoch": 2, "[fold1] avg_train_loss": 0.01085705251883347, "[fold1] avg_val_loss": 0.012497414291227379, "[fold1] score": 0.8491029124174772, "_wandb": {"runtime": 2600}}