{"[fold0] loss": 0.009415362030267715, "[fold0] lr": 0.0, "_timestamp": 1647912304, "_runtime": 17045, "_step": 71549, "[fold0] epoch": 10, "[fold0] avg_train_loss": 0.003061635719100704, "[fold0] avg_val_loss": 0.020752413848683822, "[fold0] score": 0.8664834668627679, "[fold1] loss": 0.003453220473602414, "[fold1] lr": 0.0, "[fold1] epoch": 10, "[fold1] avg_train_loss": 0.003368103907682446, "[fold1] avg_val_loss": 0.018641562220093055, "[fold1] score": 0.8685889325431179, "[fold2] loss": 6.426831532735378e-05, "[fold2] lr": 0.0, "[fold2] epoch": 10, "[fold2] avg_train_loss": 0.003029377238824644, "[fold2] avg_val_loss": 0.01985461862057084, "[fold2] score": 0.8722548477878154, "[fold3] loss": 0.008249243721365929, "[fold3] lr": 0.0, "[fold3] epoch": 10, "[fold3] avg_train_loss": 0.0035082567777878905, "[fold3] avg_val_loss": 0.021281209311591165, "[fold3] score": 0.8617365937596623, "[fold4] loss": 0.0045504034496843815, "[fold4] lr": 0.0, "[fold4] epoch": 10, "[fold4] avg_train_loss": 0.002773511517325595, "[fold4] avg_val_loss": 0.020396000505739097, "[fold4] score": 0.8698503895971832, "_wandb": {"runtime": 17058}}