{"[fold0] loss": 0.00045166199561208487, "[fold0] lr": 6.033059934962282e-12, "_timestamp": 1648223529, "_runtime": 23293, "_step": 71549, "[fold0] epoch": 15, "[fold0] avg_train_loss": 0.0016903988315916248, "[fold0] avg_val_loss": 0.022946154082934822, "[fold0] score": 0.8649471633356127, "[fold1] loss": 0.006658738944679499, "[fold1] lr": 6.033059934962282e-12, "[fold1] epoch": 15, "[fold1] avg_train_loss": 0.002076122355168388, "[fold1] avg_val_loss": 0.0215255010140917, "[fold1] score": 0.8648483235763705, "[fold2] loss": 0.0024893071968108416, "[fold2] lr": 6.033059934962282e-12, "[fold2] epoch": 15, "[fold2] avg_train_loss": 0.002208043284291705, "[fold2] avg_val_loss": 0.02073966434972663, "[fold2] score": 0.8699086262970419, "[fold3] loss": 0.0048568663187325, "[fold3] lr": 6.033059934962282e-12, "[fold3] epoch": 15, "[fold3] avg_train_loss": 0.0019352288965651786, "[fold3] avg_val_loss": 0.02372497005061206, "[fold3] score": 0.8587249446939734, "[fold4] loss": 0.0014356925385072827, "[fold4] lr": 6.033059934962282e-12, "[fold4] epoch": 15, "[fold4] avg_train_loss": 0.001618540500036608, "[fold4] avg_val_loss": 0.021469226351086786, "[fold4] score": 0.8733959351033942, "_wandb": {"runtime": 23305}}