{"[fold0] loss": 0.008499398827552795, "[fold0] lr": 1.9839036748470065e-05, "_timestamp": 1647750463, "_runtime": 229, "_step": 919, "_wandb": {"runtime": 230}}