{"[fold0] loss": 0.01263255812227726, "[fold0] lr": 0.0, "_timestamp": 1648059925, "_runtime": 8013, "_step": 17899, "[fold0] epoch": 5, "[fold0] avg_train_loss": 0.007897842677075651, "[fold0] avg_val_loss": 0.012125480355746992, "[fold0] score": 0.8587269789983845, "[fold1] loss": 0.011336667463183403, "[fold1] lr": 0.0, "[fold1] epoch": 5, "[fold1] avg_train_loss": 0.008947485514633174, "[fold1] avg_val_loss": 0.01220797137780623, "[fold1] score": 0.8559835047186021, "[fold2] loss": 0.004438929725438356, "[fold2] lr": 0.0, "[fold2] epoch": 5, "[fold2] avg_train_loss": 0.009141611163357885, "[fold2] avg_val_loss": 0.012592602330683307, "[fold2] score": 0.8529305634311047, "[fold3] loss": 0.009017115458846092, "[fold3] lr": 0.0, "[fold3] epoch": 5, "[fold3] avg_train_loss": 0.008765792605708112, "[fold3] avg_val_loss": 0.013857743678731726, "[fold3] score": 0.8511567469088668, "[fold4] loss": 0.006812457460910082, "[fold4] lr": 0.0, "[fold4] epoch": 5, "[fold4] avg_train_loss": 0.00874466943543183, "[fold4] avg_val_loss": 0.012071761447884195, "[fold4] score": 0.8583435207823962, "_wandb": {"runtime": 8026}}