{"[fold0] loss": 0.0035191301722079515, "[fold0] lr": 0.0, "_timestamp": 1647871135, "_runtime": 16634, "_step": 71549, "[fold0] epoch": 10, "[fold0] avg_train_loss": 0.003075777570972821, "[fold0] avg_val_loss": 0.020546011226972704, "[fold0] score": 0.8680824758200575, "[fold1] loss": 0.002686165040358901, "[fold1] lr": 0.0, "[fold1] epoch": 10, "[fold1] avg_train_loss": 0.003467869181828665, "[fold1] avg_val_loss": 0.01928757000734384, "[fold1] score": 0.8656712445438092, "[fold2] loss": 4.8370216973125935e-05, "[fold2] lr": 0.0, "[fold2] epoch": 10, "[fold2] avg_train_loss": 0.0031617560625873697, "[fold2] avg_val_loss": 0.020171661658372666, "[fold2] score": 0.8699153417303325, "[fold3] loss": 0.008056040853261948, "[fold3] lr": 0.0, "[fold3] epoch": 10, "[fold3] avg_train_loss": 0.003482988344610571, "[fold3] avg_val_loss": 0.02052193668623277, "[fold3] score": 0.8605897763149056, "[fold4] loss": 0.0020988062024116516, "[fold4] lr": 0.0, "[fold4] epoch": 10, "[fold4] avg_train_loss": 0.0026781121035860515, "[fold4] avg_val_loss": 0.02017987477777058, "[fold4] score": 0.8704777057999015, "_wandb": {"runtime": 16646}}