{"[fold0] loss": 0.06948337703943253, "[fold0] lr": 1.999553683252621e-05, "_timestamp": 1648631955, "_runtime": 606, "_step": 67}