{"[fold0] loss": 0.0035191301722079515, "[fold0] lr": 0.0, "_timestamp": 1647829469, "_runtime": 8665, "_step": 36326, "[fold0] epoch": 10, "[fold0] avg_train_loss": 0.003075777570972821, "[fold0] avg_val_loss": 0.020546011226972704, "[fold0] score": 0.8680824758200575, "[fold1] loss": 0.002686165040358901, "[fold1] lr": 0.0, "[fold1] epoch": 10, "[fold1] avg_train_loss": 0.003467869181828665, "[fold1] avg_val_loss": 0.01928757000734384, "[fold1] score": 0.8656712445438092, "[fold2] loss": 0.010192472487688065, "[fold2] lr": 8.790271514071372e-06, "[fold2] epoch": 5, "[fold2] avg_train_loss": 0.007091865583473142, "[fold2] avg_val_loss": 0.014615594897373624, "[fold2] score": 0.8659629453437392, "_wandb": {"runtime": 8666}}