{"[fold0] loss": 0.0011393610620871186, "[fold0] lr": 4.88712039170558e-12, "_timestamp": 1648170310, "_runtime": 15694, "_step": 47699, "[fold0] epoch": 10, "[fold0] avg_train_loss": 0.0037153303975323744, "[fold0] avg_val_loss": 0.01627537401353776, "[fold0] score": 0.8575757575757575, "[fold1] loss": 0.0016342306043952703, "[fold1] lr": 4.88712039170558e-12, "[fold1] epoch": 10, "[fold1] avg_train_loss": 0.004392206953364316, "[fold1] avg_val_loss": 0.01467973293526541, "[fold1] score": 0.8661566096733418, "[fold2] loss": 0.0037647171411663294, "[fold2] lr": 4.88712039170558e-12, "[fold2] epoch": 10, "[fold2] avg_train_loss": 0.0036422786724621963, "[fold2] avg_val_loss": 0.016743629629852153, "[fold2] score": 0.8651774723020107, "[fold3] loss": 0.006100788246840239, "[fold3] lr": 4.88712039170558e-12, "[fold3] epoch": 10, "[fold3] avg_train_loss": 0.0043636304641328835, "[fold3] avg_val_loss": 0.01709090146838856, "[fold3] score": 0.8591405641892799, "[fold4] loss": 0.0010116115445271134, "[fold4] lr": 4.88712039170558e-12, "[fold4] epoch": 10, "[fold4] avg_train_loss": 0.0030492961916126437, "[fold4] avg_val_loss": 0.017191652364765702, "[fold4] score": 0.8700663949930811, "_wandb": {"runtime": 15706}}