{"[fold0] loss": 0.011591732501983643, "[fold0] lr": 2.172509369069431e-12, "_timestamp": 1648003909, "_runtime": 6695, "_step": 19079, "[fold0] epoch": 5, "[fold0] avg_train_loss": 0.007608746800332619, "[fold0] avg_val_loss": 0.012535144502404505, "[fold0] score": 0.8638167272353704, "[fold1] loss": 0.01309308409690857, "[fold1] lr": 2.172509369069431e-12, "[fold1] epoch": 5, "[fold1] avg_train_loss": 0.008351063054504023, "[fold1] avg_val_loss": 0.01246623698942741, "[fold1] score": 0.8582715918009018, "[fold2] loss": 0.002773960353806615, "[fold2] lr": 2.172509369069431e-12, "[fold2] epoch": 5, "[fold2] avg_train_loss": 0.008411604617912898, "[fold2] avg_val_loss": 0.012381587002057602, "[fold2] score": 0.8588082066359757, "[fold3] loss": 0.008759256452322006, "[fold3] lr": 2.172509369069431e-12, "[fold3] epoch": 5, "[fold3] avg_train_loss": 0.008134679648324511, "[fold3] avg_val_loss": 0.01391593335403766, "[fold3] score": 0.8549350004695528, "_wandb": {"runtime": 6699}}