{"[fold0] loss": 0.0054318890906870365, "[fold0] lr": 0.0, "_timestamp": 1647788412, "_runtime": 17684, "_step": 71549, "[fold0] epoch": 10, "[fold0] avg_train_loss": 0.0030027953001574093, "[fold0] avg_val_loss": 0.02151483623270346, "[fold0] score": 0.8652546424925371, "[fold1] loss": 0.0019658056553453207, "[fold1] lr": 0.0, "[fold1] epoch": 10, "[fold1] avg_train_loss": 0.0034450308137435105, "[fold1] avg_val_loss": 0.018588101388944574, "[fold1] score": 0.8653233790907388, "[fold2] loss": 0.0001392560516251251, "[fold2] lr": 0.0, "[fold2] epoch": 10, "[fold2] avg_train_loss": 0.0031577913928751223, "[fold2] avg_val_loss": 0.019901861256497337, "[fold2] score": 0.8733529685320105, "[fold3] loss": 0.0036057704128324986, "[fold3] lr": 0.0, "[fold3] epoch": 10, "[fold3] avg_train_loss": 0.0034228662440350935, "[fold3] avg_val_loss": 0.02118966175774696, "[fold3] score": 0.8615675931561507, "[fold4] loss": 0.0025115939788520336, "[fold4] lr": 0.0, "[fold4] epoch": 10, "[fold4] avg_train_loss": 0.0027568905718015554, "[fold4] avg_val_loss": 0.02028151052673865, "[fold4] score": 0.8698818722799538, "_wandb": {"runtime": 17696}}