{"[fold0] loss": 0.9686431288719177, "[fold0] lr": 2.9999996742147425e-05, "_timestamp": 1648449532, "_runtime": 27, "_step": 2, "_wandb": {"runtime": 28}}