{"[fold0] loss": 0.00045166199561208487, "[fold0] lr": 6.033059934962282e-12, "_timestamp": 1648180494, "_runtime": 7178, "_step": 20889, "[fold0] epoch": 15, "[fold0] avg_train_loss": 0.0016903988315916248, "[fold0] avg_val_loss": 0.022946154082934822, "[fold0] score": 0.8649471633356127, "[fold1] loss": 0.0001551872119307518, "[fold1] lr": 1.126205022893119e-05, "[fold1] epoch": 6, "[fold1] avg_train_loss": 0.006660591958132868, "[fold1] avg_val_loss": 0.013311155153120138, "[fold1] score": 0.8593926958282814}