{"[fold1] loss": 0.0007780072628520429, "[fold1] lr": 0.0, "_timestamp": 1649374493, "_runtime": 844, "_step": 14309, "loss": 0.007991227064087923, "epoch": 4, "[fold1] epoch": 5, "[fold1] avg_train_loss": 0.007991227064087923, "[fold1] avg_val_loss": 0.022437544099647586, "[fold1] score": 0.7122994983588283, "_wandb": {"runtime": 846}}