{"[fold0] loss": 0.019522925838828087, "[fold0] lr": 0.0, "_timestamp": 1648146168, "_runtime": 12518, "_step": 143024, "[fold0] epoch": 5, "[fold0] avg_train_loss": 0.006728048193217888, "[fold0] avg_val_loss": 0.021810761351892735, "[fold0] score": 0.8675168675168675, "[fold1] loss": 5.040029009251157e-06, "[fold1] lr": 0.0, "[fold1] epoch": 5, "[fold1] avg_train_loss": 0.006140081264007217, "[fold1] avg_val_loss": 0.021392116246992075, "[fold1] score": 0.8659857215433567, "[fold2] loss": 2.154714593416429e-06, "[fold2] lr": 0.0, "[fold2] epoch": 5, "[fold2] avg_train_loss": 0.00661190396361124, "[fold2] avg_val_loss": 0.020961772612367313, "[fold2] score": 0.8693901409365462, "[fold3] loss": 5.730444172513671e-06, "[fold3] lr": 0.0, "[fold3] epoch": 5, "[fold3] avg_train_loss": 0.0063008049009409105, "[fold3] avg_val_loss": 0.023241196013620364, "[fold3] score": 0.8608845925365879, "[fold4] loss": 0.0, "[fold4] lr": 0.0, "[fold4] epoch": 5, "[fold4] avg_train_loss": 0.005894524755729537, "[fold4] avg_val_loss": 0.021661519829097062, "[fold4] score": 0.8739055409982744, "_wandb": {"runtime": 12531}}