{"[fold0] loss": 0.06612347066402435, "[fold0] lr": 1.9997957516555826e-05, "_timestamp": 1648626264, "_runtime": 405, "_step": 45, "_wandb": {"runtime": 408}}