{"[fold0] loss": 0.005999797955155373, "[fold0] lr": 0.0, "_timestamp": 1648442919, "_runtime": 5031, "_step": 20312, "[fold0] epoch": 10, "[fold0] avg_train_loss": 0.0018990544221210528, "[fold0] avg_val_loss": 0.025050073715523456, "[fold0] score": 0.8654905569886062, "[fold1] loss": 0.026615895330905914, "[fold1] lr": 1.8752686813693086e-05, "[fold1] epoch": 4, "[fold1] avg_train_loss": 0.00727279415373391, "[fold1] avg_val_loss": 0.0130337838722467, "[fold1] score": 0.863133764832794}