{"[fold0] loss": 0.02535235695540905, "[fold0] lr": 1.1917156383933759e-12, "_timestamp": 1647714640, "_runtime": 20649, "_step": 160899, "[fold0] epoch": 10, "[fold0] avg_train_loss": 0.0027840747872375877, "[fold0] avg_val_loss": 0.02658882579275233, "[fold0] score": 0.8638233715789743, "[fold1] loss": 2.2361643914337037e-06, "[fold1] lr": 1.1917156383933759e-12, "[fold1] epoch": 10, "[fold1] avg_train_loss": 0.0029096335908273723, "[fold1] avg_val_loss": 0.02723602766384931, "[fold1] score": 0.8646359859210839, "[fold2] loss": 7.899582851678133e-05, "[fold2] lr": 1.1917156383933759e-12, "[fold2] epoch": 10, "[fold2] avg_train_loss": 0.002944363744756741, "[fold2] avg_val_loss": 0.024219849048225408, "[fold2] score": 0.8733656111643322, "[fold3] loss": 0.0, "[fold3] lr": 1.1917156383933759e-12, "[fold3] epoch": 10, "[fold3] avg_train_loss": 0.002807564717547331, "[fold3] avg_val_loss": 0.02791159079959143, "[fold3] score": 0.8636824093086927, "[fold4] loss": 0.006580132991075516, "[fold4] lr": 1.1917156383933759e-12, "[fold4] epoch": 10, "[fold4] avg_train_loss": 0.00230397187435942, "[fold4] avg_val_loss": 0.02099249922808505, "[fold4] score": 0.8739408160604876, "_wandb": {"runtime": 20656}}