{"[fold0] loss": 0.011485902592539787, "[fold0] lr": 1.8090944771399912e-05, "_timestamp": 1647673591, "_runtime": 305, "_step": 952, "_wandb": {"runtime": 325}}