{"[fold0] loss": 0.9686431288719177, "[fold0] lr": 2.9999996742147425e-05, "_timestamp": 1648447972, "_runtime": 364, "_step": 2}