{"[fold0] loss": 0.016074469313025475, "[fold0] lr": 2.9322772384580083e-05, "_timestamp": 1648585663, "_runtime": 33621, "_step": 2745}