{"[fold0] loss": 0.054676201194524765, "[fold0] lr": 1.9999042206598293e-05, "_timestamp": 1649229450, "_runtime": 822, "_step": 62, "_wandb": {"runtime": 824}}