{"[fold0] loss": 0.009985893033444881, "[fold0] lr": 1.972497988809011e-05, "_timestamp": 1647820652, "_runtime": 9154, "_step": 1069}