{"[fold0] loss": 0.02030847780406475, "[fold0] lr": 1.1917156383933759e-12, "_timestamp": 1647747808, "_runtime": 20694, "_step": 160899, "[fold0] epoch": 10, "[fold0] avg_train_loss": 0.00284415887126118, "[fold0] avg_val_loss": 0.026769205165743614, "[fold0] score": 0.8685210208296152, "[fold1] loss": 1.1133847692690324e-05, "[fold1] lr": 1.1917156383933759e-12, "[fold1] epoch": 10, "[fold1] avg_train_loss": 0.00286591256625068, "[fold1] avg_val_loss": 0.026631767293133476, "[fold1] score": 0.8644349916774552, "[fold2] loss": 0.004786984995007515, "[fold2] lr": 1.1917156383933759e-12, "[fold2] epoch": 10, "[fold2] avg_train_loss": 0.0028735966052382406, "[fold2] avg_val_loss": 0.026115932737746022, "[fold2] score": 0.8617748317147115, "[fold3] loss": 1.0394948048997321e-06, "[fold3] lr": 1.1917156383933759e-12, "[fold3] epoch": 10, "[fold3] avg_train_loss": 0.0030107140965155636, "[fold3] avg_val_loss": 0.028035891492712378, "[fold3] score": 0.8682365139567246, "[fold4] loss": 0.00429705623537302, "[fold4] lr": 1.1917156383933759e-12, "[fold4] epoch": 10, "[fold4] avg_train_loss": 0.0027248301891575595, "[fold4] avg_val_loss": 0.020978905780709517, "[fold4] score": 0.8849066390041495, "_wandb": {"runtime": 20701}}