{"[fold0] loss": 0.014120073989033699, "[fold0] lr": 1.961423011676947e-05, "_timestamp": 1649243177, "_runtime": 13671, "_step": 2853, "_wandb": {"runtime": 13673}}