{"[fold0] loss": 0.011591732501983643, "[fold0] lr": 2.172509369069431e-12, "_timestamp": 1647983040, "_runtime": 1615, "_step": 4913, "[fold0] epoch": 5, "[fold0] avg_train_loss": 0.007608746800332619, "[fold0] avg_val_loss": 0.012535144502404505, "[fold0] score": 0.8638167272353704, "[fold1] loss": 0.04874073714017868, "[fold1] lr": 1.9954984657716202e-05, "_wandb": {"runtime": 1615}}