{"[fold0] loss": 0.02323450893163681, "[fold0] lr": 0.0, "_timestamp": 1648133086, "_runtime": 8424, "_step": 35774, "[fold0] epoch": 5, "[fold0] avg_train_loss": 0.006880282354925273, "[fold0] avg_val_loss": 0.013126829666204298, "[fold0] score": 0.8633156512334551, "[fold1] loss": 0.007858735509216785, "[fold1] lr": 0.0, "[fold1] epoch": 5, "[fold1] avg_train_loss": 0.007313826927655011, "[fold1] avg_val_loss": 0.012673298579598353, "[fold1] score": 0.8662793016793203, "[fold2] loss": 0.0017345750238746405, "[fold2] lr": 0.0, "[fold2] epoch": 5, "[fold2] avg_train_loss": 0.00796094688501818, "[fold2] avg_val_loss": 0.012975371607568708, "[fold2] score": 0.8621695556909673, "[fold3] loss": 0.006621860433369875, "[fold3] lr": 0.0, "[fold3] epoch": 5, "[fold3] avg_train_loss": 0.0073849042473421245, "[fold3] avg_val_loss": 0.014837530742277687, "[fold3] score": 0.8559027077874086, "[fold4] loss": 0.004893239121884108, "[fold4] lr": 0.0, "[fold4] epoch": 5, "[fold4] avg_train_loss": 0.007579326475764888, "[fold4] avg_val_loss": 0.012941013035956498, "[fold4] score": 0.8682522376328, "_wandb": {"runtime": 8436}}