{"[fold0] loss": 0.026976335793733597, "[fold0] lr": 2.9992546559889737e-05, "_timestamp": 1648547428, "_runtime": 128, "_step": 286, "_wandb": {"runtime": 129}}