{"[fold4] loss": 0.0005994834355078638, "[fold4] lr": 1.0689285247461023e-05, "_timestamp": 1649340069, "_runtime": 1452, "_step": 6839, "loss": 0.010416500343842153, "epoch": 1, "[fold4] epoch": 2, "[fold4] avg_train_loss": 0.010416500343842153, "[fold4] avg_val_loss": 0.014233257674383307, "[fold4] score": 0.7375437971375972}