{"[fold0] loss": 0.006281067151576281, "[fold0] lr": 0.0, "_timestamp": 1647972627, "_runtime": 16601, "_step": 71549, "[fold0] epoch": 10, "[fold0] avg_train_loss": 0.003034231729851046, "[fold0] avg_val_loss": 0.02113341628094474, "[fold0] score": 0.8644375959046307, "[fold1] loss": 0.0014921987894922495, "[fold1] lr": 0.0, "[fold1] epoch": 10, "[fold1] avg_train_loss": 0.003563618270889244, "[fold1] avg_val_loss": 0.01850288582890962, "[fold1] score": 0.8659073328176264, "[fold2] loss": 0.0002512903301976621, "[fold2] lr": 0.0, "[fold2] epoch": 10, "[fold2] avg_train_loss": 0.0029627367063798852, "[fold2] avg_val_loss": 0.02002848153730296, "[fold2] score": 0.8691434468524252, "[fold3] loss": 0.004728679545223713, "[fold3] lr": 0.0, "[fold3] epoch": 10, "[fold3] avg_train_loss": 0.0033805183930889033, "[fold3] avg_val_loss": 0.020702540017041398, "[fold3] score": 0.8623784089227334, "[fold4] loss": 0.0004594953206833452, "[fold4] lr": 0.0, "[fold4] epoch": 10, "[fold4] avg_train_loss": 0.0026436735558050474, "[fold4] avg_val_loss": 0.020164897862618394, "[fold4] score": 0.869959334751791, "_wandb": {"runtime": 16614}}