{"[fold0] loss": 0.032157767564058304, "[fold0] lr": 2.9265847744427305e-05, "_timestamp": 1648450542, "_runtime": 977, "_step": 2859}