{"[fold0] loss": 0.00045166199561208487, "[fold0] lr": 6.033059934962282e-12, "_timestamp": 1648200094, "_runtime": 10007, "_step": 30688, "[fold0] epoch": 15, "[fold0] avg_train_loss": 0.0016903988315916248, "[fold0] avg_val_loss": 0.022946154082934822, "[fold0] score": 0.8649471633356127, "[fold1] loss": 0.006658738944679499, "[fold1] lr": 6.033059934962282e-12, "[fold1] epoch": 15, "[fold1] avg_train_loss": 0.002076122355168388, "[fold1] avg_val_loss": 0.0215255010140917, "[fold1] score": 0.8648483235763705, "[fold2] loss": 0.006785909179598093, "[fold2] lr": 1.8986548915952843e-05, "[fold2] epoch": 2, "[fold2] avg_train_loss": 0.01107826522709792, "[fold2] avg_val_loss": 0.012079002483791861, "[fold2] score": 0.8558128679235496}