{"[fold0] loss": 0.008827918209135532, "[fold0] lr": 0.0, "_timestamp": 1648046288, "_runtime": 7384, "_step": 14324, "[fold0] epoch": 5, "[fold0] avg_train_loss": 0.00850559823976999, "[fold0] avg_val_loss": 0.011937940430540878, "[fold0] score": 0.8572640345465762, "[fold1] loss": 0.009489121846854687, "[fold1] lr": 0.0, "[fold1] epoch": 5, "[fold1] avg_train_loss": 0.00987167334956625, "[fold1] avg_val_loss": 0.0118295280962948, "[fold1] score": 0.8527260726072607, "[fold2] loss": 0.0033123597968369722, "[fold2] lr": 0.0, "[fold2] epoch": 5, "[fold2] avg_train_loss": 0.009601705744040323, "[fold2] avg_val_loss": 0.012810720018456345, "[fold2] score": 0.8468804694739009, "[fold3] loss": 0.006987538654357195, "[fold3] lr": 0.0, "[fold3] epoch": 5, "[fold3] avg_train_loss": 0.009238217470286596, "[fold3] avg_val_loss": 0.013984347676526156, "[fold3] score": 0.8456801692056438, "[fold4] loss": 0.007477760314941406, "[fold4] lr": 0.0, "[fold4] epoch": 5, "[fold4] avg_train_loss": 0.009372346699514615, "[fold4] avg_val_loss": 0.011907027758351833, "[fold4] score": 0.857222341649701, "_wandb": {"runtime": 7397}}