{"[fold0] loss": 0.003986846189945936, "[fold0] lr": 4.88712039170558e-12, "_timestamp": 1648284188, "_runtime": 29189, "_step": 88212, "[fold0] epoch": 20, "[fold0] avg_train_loss": 0.0007992958273306995, "[fold0] avg_val_loss": 0.029187102573829254, "[fold0] score": 0.8637105374741414, "[fold1] loss": 0.0006189883570186794, "[fold1] lr": 4.88712039170558e-12, "[fold1] epoch": 20, "[fold1] avg_train_loss": 0.0009096823246995168, "[fold1] avg_val_loss": 0.029397305885149414, "[fold1] score": 0.8612695197996055, "[fold2] loss": 3.922229552699719e-06, "[fold2] lr": 4.88712039170558e-12, "[fold2] epoch": 20, "[fold2] avg_train_loss": 0.0010824147645751361, "[fold2] avg_val_loss": 0.027770357242849007, "[fold2] score": 0.8661730178797181, "[fold3] loss": 0.0002622220490593463, "[fold3] lr": 4.88712039170558e-12, "[fold3] epoch": 20, "[fold3] avg_train_loss": 0.0007706401615671222, "[fold3] avg_val_loss": 0.031452188024367056, "[fold3] score": 0.8619098712446353, "[fold4] loss": 0.013008389621973038, "[fold4] lr": 6.226891666327688e-06, "[fold4] epoch": 12, "[fold4] avg_train_loss": 0.002537775967839966, "[fold4] avg_val_loss": 0.020568991626691808, "[fold4] score": 0.866509403889066}