{"[fold0] loss": 9.340532756141329e-07, "[fold0] lr": 0.0, "_timestamp": 1648503795, "_runtime": 52848, "_step": 143049, "[fold0] epoch": 10, "[fold0] avg_train_loss": 0.0013400916255926552, "[fold0] avg_val_loss": 0.029878310346065376, "[fold0] score": 0.8714365494759536, "[fold1] loss": 0.0, "[fold1] lr": 0.0, "[fold1] epoch": 10, "[fold1] avg_train_loss": 0.001125404117306578, "[fold1] avg_val_loss": 0.03126669424309926, "[fold1] score": 0.8732167757159712, "[fold2] loss": 0.06643553078174591, "[fold2] lr": 0.0, "[fold2] epoch": 10, "[fold2] avg_train_loss": 0.0009260829468852952, "[fold2] avg_val_loss": 0.03179754249820342, "[fold2] score": 0.8715092482254805, "[fold3] loss": 2.3367877020064043e-06, "[fold3] lr": 0.0, "[fold3] epoch": 10, "[fold3] avg_train_loss": 0.000963588503845579, "[fold3] avg_val_loss": 0.03363356141078762, "[fold3] score": 0.8593682737839001, "[fold4] loss": 1.1389564633645932e-06, "[fold4] lr": 0.0, "[fold4] epoch": 10, "[fold4] avg_train_loss": 0.0009735588585083509, "[fold4] avg_val_loss": 0.03035023692078012, "[fold4] score": 0.8725546348976034, "_wandb": {"runtime": 52861}}